student_id,0
NEELESH3112,100.0
Kshitij741,100.0
DatNguyen2106,100.0
KhaledShata,100.0
ConstantinHennig,100.0
Cecilia-g24,100.0
ChrisZhou24,100.0
MinsuSeo-FAU,100.0
Bhaskar19chowdary,99.4186046511628
Akhil378,99.4186046511628
LakshmiNarayanan2003,98.83720930232558
DeekshaPingalay,98.25581395348837
Shokoofeh-kh,96.51162790697676
CodeByVignesh,96.51162790697676
dipesh-m,96.51162790697676
Subitha-Murugesan,96.51162790697676
Vanshika-01,96.51162790697676
Zhang-Xinyue12,96.51162790697676
Dirrrrrk,95.93023255813954
TheMightyRaider,95.93023255813954
CharithaRamaiah,95.34883720930233
YongzhenNiu,95.34883720930233
aditisinghxd,95.34883720930233
MSWatto,94.76744186046511
RithvikAvula4010,94.18604651162791
SophieKoe,93.6046511627907
ZhenL233,93.6046511627907
Crazz-Zaac,93.02325581395348
FranChristbaum,90.69767441860465
Kanwardeep-Singh,88.37209302325581
Faizan-Nabi,88.37209302325581
Arnavthakur26,87.20930232558139
AshishMehtaAI,87.20930232558139
236de,87.20930232558139
KimiaTavoosi,86.62790697674419
NASRINSHAHIDIZANDI,86.04651162790698
CC211129,85.46511627906976
divya-dan,84.88372093023256
gi60wedo,84.88372093023256
anikiwi,84.88372093023256
anniquetapha,84.88372093023256
hyeeun316,84.88372093023256
md-touhidur-rahman,84.88372093023256
dhayeah,84.88372093023256
deepanshtripathi,84.88372093023256
StonageBanana,84.88372093023256
mirza019,84.88372093023256
brainybeam,84.88372093023256
nhgpm,84.88372093023256
saif724346,84.88372093023256
officialak-24,84.88372093023256
MeDietrich,84.88372093023256
punithsaireddy,84.88372093023256
yeasin-shampod,84.30232558139535
ashwin-159-nair,83.72093023255815
SanaNazerian,83.72093023255815
mohityadav001,83.72093023255815
gloombob,83.72093023255815
arne10001,83.72093023255815
noumanaiondigital,83.72093023255815
MridulSaraf,83.72093023255815
kinshuk-ds,83.72093023255815
Sa3ed1907,83.13953488372093
Vibhugupta10616,82.55813953488372
ShiYanfau,82.55813953488372
archinaasha,82.55813953488372
RevathiBandi,81.3953488372093
Joshi-Nandini,81.3953488372093
uttej2001,80.23255813953489
YasirMukhtar33,75.5813953488372
Bruce-sts,74.4186046511628
vaibhavk69,74.4186046511628
tosiful,73.83720930232558
erfan-yousefi,73.83720930232558
rashakil-ds,73.25581395348837
yy-0715,73.25581395348837
Earora2,72.09302325581395
kaliche1,72.09302325581395
fe54pebo,71.51162790697676
sajiasidz,70.93023255813954
Shalaleh,70.93023255813954
jonaskunick,69.76744186046511
Sadiya-Yesmin,68.6046511627907
sai-sasidhar,68.6046511627907
micky-15,68.02325581395348
Hemachandran0110,67.44186046511628
melissakdgnfau,67.44186046511628
julsatlink,67.44186046511628
RizhavaKotka,66.27906976744185
AnMei2000,65.11627906976744
CryptoAyush,63.95348837209303
Subashchandar27,63.95348837209303
yz32ityd,62.2093023255814
akhilsuresh15,60.46511627906976
karthiga36,59.883720930232556
siddharthvishnu01,58.139534883720934
MutualExemplar,56.97674418604651
menaja12,56.395348837209305
evisakkou,56.395348837209305
fanalis93,54.06976744186046
anshulmeow,52.32558139534884
heenas085,52.32558139534884
sajadul-d,50.0
FawadAhmed322,50.0
wasiiik,47.674418604651166
AlagieK,47.093023255813954
andreanl16,46.51162790697674
fahad03,45.348837209302324
aryan-singh97,45.348837209302324
kolesovakate,37.2093023255814
MichaelL29,37.2093023255814
Wajahatabbas5,34.883720930232556
arshamelettu,33.72093023255814
HoangAnhNhamGia,33.72093023255814
Anjanapmaya,30.23255813953488
developerajesh95,25.581395348837212
Roshni160,24.418604651162788
lxsa-kls,24.418604651162788
bhavankumar2911,22.093023255813954
SHAHRIFAT,22.093023255813954
Krithikav305,22.093023255813954
mhpolas,22.093023255813954
bhumi223344,21.511627906976745
DhaleemaDavis,20.930232558139537
aafiakhalid5,20.930232558139537
SamanehKeshavarz,20.930232558139537
sahil-sharma-50,12.790697674418606
Vishal-21x,11.627906976744185
shivamzala,10.465116279069768
rajeshroyal55,10.465116279069768
herrabdulbasit,10.465116279069768
poojadinesh99,10.465116279069768
KositzRu,10.465116279069768
nola-mrv,10.465116279069768
iZainAsif,10.465116279069768
Disha016,10.465116279069768
AshitaD2327,10.465116279069768
Uditsurajsingh,10.465116279069768
m-pulkit,10.465116279069768
reneederer,10.465116279069768
sohansorker,1.1627906976744187
gi07qeju,1.1627906976744187
Ranjane-Harsh,1.1627906976744187
meharab004,1.1627906976744187
mahmoudhanfi,1.1627906976744187
Sharmin-12,1.1627906976744187
moesten,1.1627906976744187
MoeenHaider,1.1627906976744187
GurnoorDhingra,0.0
hasnainhawlader,0.0
PrateekNish20,0.0
vasanth418,0.0
prachuryanath,0.0
SahanaByregowda,0.0
Frederick-tharun,0.0
snath47,0.0
sinamoradi,0.0
Jeevanstephen,0.0
TMP1377,0.0
mersadsh,0.0
